Workbook

Sheet README
A1: 人外マチアプ ／ 会話データ管理シート v3（トピック別閾値・2層構成）
A3: 【コマンドは3つ。どれを選んでもトピックが1個消える。1トピック＝1ターン】
A4: 相槌 … 本音度 +20。軸の断片が漏れる。カードなし。
A5: 深堀 … 語群カード1枚。本音度 −15。
A6: 世間話 … 次のジャンルを指定できる。他に得るものなし。
A8: 【トピックごとに閾値がある（プレイヤーには非表示）】
A9: 深堀した瞬間の本音度が、そのトピックの閾値以上なら「真の語群」、未満なら「偽の語群」。
A10: 閾値45 … 軽い話題。序盤でも掘れる。
A11: 閾値60 … 普通。
A12: 閾値80 … 踏み込む話題。相手が明らかに身構えている。温めてからでないと嘘が返る。
A13: ★導入セリフの温度が、閾値の唯一の手がかり。閾値80のトピックは、相手が渋る書き方にすること。
A14: 例）閾値80 → 「……地元の話は、あんましたないねんけど。」
... A50: ※ パラメータの数値は2万回シミュレーションで検証済み。ただし人間のプレイでは要再調整。

Sheet パラメータ
A1: 項目 | B1: 値 | C1: 説明
A2: 初期本音度 | B2: 50 | C2: 会話開始時。キャラシートで個別に上書き可
A3: 相槌の増加 | B3: 20 | C3: トピックを1個消費。軸の断片が漏れる
A4: 深堀の減少 | B4: -15 | C4: トピックを1個消費。語群カード1枚
A5: 世間話の増減 | B5: 0 | C5: トピックを1個消費。次のジャンルを指定できる
A6: 閾値・軽い | B6: 45 | C6: 序盤でも掘れる話題
A7: 閾値・普通 | B7: 60 | C7: 標準
A8: 閾値・踏み込む | B8: 80 | C8: 相手が身構える話題。導入セリフで渋らせること
A9: 弱音の解放閾値 | B9: 70 | C9: 世間話で弱音を選べるようになる本音度
A10: 核心の解放閾値 | B10: 90 | C10: 弱音#2（W2）に到達できる本音度
A11: デートのスロット数 | B11: 3 | C11: 場所・行動・目的。弱音カードは入らない
A12: 本命のトピック数 | B12: 11 | C12: 場所3・行動3・目的3・弱音2
A13: モブのトピック数 | B13: 3 | C13: 各ジャンル1・弱音なし・嘘なし

Sheet トピック
A1: トピックID | B1: ジャンル | C1: 閾値 | D1: 踏み込み度 | E1: 質問枠（全キャラ共通） | F1: 使う層 | G1: 品詞ルール
A2: P1 | B2: 場所 | C2: 45 | D2: 軽い | E2: 最近いった場所 | F2: 本命・モブ | G2: 名詞
A3: P2 | B3: 場所 | C3: 60 | D3: 普通 | E3: 行ってみたい場所 | F3: 本命 | G3: 名詞
A4: P3 | B4: 場所 | C4: 80 | D4: 踏み込む | E4: 出身地 | F4: 本命 | G4: 名詞
A5: A1 | B5: 行動 | C5: 45 | D5: 軽い | E5: 休みの日、何してる？ | F5: 本命・モブ | G5: 動詞（終止形）
A6: A2 | B6: 行動 | C6: 60 | D6: 普通 | E6: 最近ハマってること | F6: 本命 | G6: 動詞（終止形）
A7: A3 | B7: 行動 | C7: 80 | D7: 踏み込む | E7: ひとりの時間の過ごし方 | F7: 本命 | G7: 動詞（終止形）
A8: G1 | B8: 目的 | C8: 45 | D8: 軽い | E8: なんでこのアプリ入れたん？ | F8: 本命・モブ | G8: 〜から
A9: G2 | B9: 目的 | C9: 60 | D9: 普通 | E9: どういう人がタイプ？ | F9: 本命 | G9: 〜から
A10: G3 | B10: 目的 | C10: 80 | D10: 踏み込む | E10: この先どうなりたい？ | F10: 本命 | G10: 〜から
A11: W1 | B11: 弱音 | C11: – | D11: （軸カード） | E11: （相手から切り出す） | F11: 本命 | G11: —
A12: W2 | B12: 弱音 | C12: – | D12: （核心カード） | E12: （相手から切り出す・核心） | F12: 本命 | G12: —

Sheet キャラ
A1: キャラID | B1: 名前 | C1: 種族（人外） | D1: 層 | E1: トピック数 | F1: 初期本音度 | G1: ◆ 軸（真の語群はこの方向） | H1: ◆ 嘘の方向（偽の語群はこの方向） | I1: ◆ 核心（W2・本命のみ） | J1: プロフィール文 | K1: 第一声 | L1: ①解決しなければいけない問題 | M1: ②面白い解決方法
A2: C01 | B2: アリエル | C2: 人魚 | D2: 本命 | E2: =IF(D2="本命",'パラメータ'!$B$12,'パラメータ'!$B$13) -> 11 | F2: 50 | G2: 人を避ける・誰にも見つかりたくない | I2: 触れ合いたい | K2: …えっと。マッチしたって出てるけど、合ってる？
A3: C02 | B3: アリーシア | C3: メデューサ | D3: 本命 | E3: =IF(D3="本命",'パラメータ'!$B$12,'パラメータ'!$B$13) -> 11 | F3: 35 | H3: ギリシャの神として威厳を見せなければ | I3: 誰かに自分を見てほしい。 | J3: 恥ずかしがりやで目を合わせられません。 | K3: 我が名はアリーシア。願わくば、汝との縁に神々の祝福のあらんことを。 | L3: 誰とも目を合わせられない | M3: 鏡越しでデートする
A4: C03 | B4: ミカ | C4: 天使 | D4: 本命 | E4: =IF(D4="本命",'パラメータ'!$B$12,'パラメータ'!$B$13) -> 11 | F4: 70 | H4: 人間なんかとは恋にならない | I4: 人間と恋をしたい | L4: 天使は人とは恋に落ちたらダメなのに人フェチ | M4: 天使同士なら大丈夫だから主人公が死んで天使になる
A5: C04 | B5: さきこ | C5: 口裂け女 | D5: モブ | E5: =IF(D5="本命",'パラメータ'!$B$12,'パラメータ'!$B$13) -> 3 | F5: 60 | L5: 上手く笑えない | M5: くそおもろいこと言って、爆笑させる
A6: C05 | B6: シャノン | C6: 猫の獣人 | D6: モブ | E6: =IF(D6="本命",'パラメータ'!$B$12,'パラメータ'!$B$13) -> 3 | F6: 60
A7: C06 | B7: アダム | C7: サンタさん | D7: モブ | E7: =IF(D7="本命",'パラメータ'!$B$12,'パラメータ'!$B$13) -> 3 | F7: 60 | L7: プレゼントをもらったことがない | M7: プレゼントを贈る側でなく、もらう側に
A8: C07 | C8: ロボ娘 | D8: モブ | E8: =IF(D8="本命",'パラメータ'!$B$12,'パラメータ'!$B$13) -> 3 | F8: 60
A9: C08 | C9: 九尾 | D9: モブ | E9: =IF(D9="本命",'パラメータ'!$B$12,'パラメータ'!$B$13) -> 3 | F9: 60
A10: C09 | C10: 吸血鬼 | D10: モブ | E10: =IF(D10="本命",'パラメータ'!$B$12,'パラメータ'!$B$13) -> 3 | F10: 60
A11: C10 | C11: ヤマタノオロチ | D11: モブ | E11: =IF(D11="本命",'パラメータ'!$B$12,'パラメータ'!$B$13) -> 3 | F11: 60

Sheet 会話
A1: 会話ID | B1: キャラID | C1: キャラ名 | D1: 層 | E1: ◆ 軸（参照） | F1: トピックID | G1: ジャンル | H1: 閾値 | I1: 踏み込み度 | J1: 質問枠 | K1: 導入セリフ | L1: 相槌への反応（軸の断片） | M1: 深堀・真（軸に沿う語群） | N1: 深堀・偽（軸に反する語群） | O1: チェック
A2: =B2&"_"&F2 -> C01_P1 | B2: C01 | C2: {=IFERROR(IF(INDEX('キャラ'!$B:$B,MATCH($B2,'キャラ'!$A:$A,0))=0,"",INDEX('キャラ'!$B:$B,MATCH($B2,'キャラ'!$A:$A,0))),"")} -> アリエル | D2: {=IFERROR(INDEX('キャラ'!$D:$D,MATCH($B2,'キャラ'!$A:$A,0)),"")} -> 本命 | F2: P1 | G2: {=IFERROR(INDEX('トピック'!$B:$B,MATCH($F2,'トピック'!$A:$A,0)),"")} -> 場所 | H2: {=IFERROR(INDEX('トピック'!$C:$C,MATCH($F2,'トピック'!$A:$A,0)),"")} -> 45 | I2: {=IFERROR(INDEX('トピック'!$D:$D,MATCH($F2,'トピック'!$A:$A,0)),"")} -> 軽い
A3: =B3&"_"&F3 -> C01_P2 | B3: C01 | C3: {=IFERROR(IF(INDEX('キャラ'!$B:$B,MATCH($B3,'キャラ'!$A:$A,0))=0,"",INDEX('キャラ'!$B:$B,MATCH($B3,'キャラ'!$A:$A,0))),"")} -> アリエル | D3: {=IFERROR(INDEX('キャラ'!$D:$D,MATCH($B3,'キャラ'!$A:$A,0)),"")} -> 本命 | F3: P2 | G3: {=IFERROR(INDEX('トピック'!$B:$B,MATCH($F3,'トピック'!$A:$A,0)),"")} -> 場所 | H3: {=IFERROR(INDEX('トピック'!$C:$C,MATCH($F3,'トピック'!$A:$A,0)),"")} -> 60 | I3: {=IFERROR(INDEX('トピック'!$D:$D,MATCH($F3,'トピック'!$A:$A,0)),"")} -> 普通
A4: =B4&"_"&F4 -> C01_P3 | B4: C01 | C4: {=IFERROR(IF(INDEX('キャラ'!$B:$B,MATCH($B4,'キャラ'!$A:$A,0))=0,"",INDEX('キャラ'!$B:$B,MATCH($B4,'キャラ'!$A:$A,0))),"")} -> アリエル | D4: {=IFERROR(INDEX('キャラ'!$D:$D,MATCH($B4,'キャラ'!$A:$A,0)),"")} -> 本命 | F4: P3 | G4: {=IFERROR(INDEX('トピック'!$B:$B,MATCH($F4,'トピック'!$A:$A,0)),"")} -> 場所 | H4: {=IFERROR(INDEX('トピック'!$C:$C,MATCH($F4,'トピック'!$A:$A,0)),"")} -> 80 | I4: {=IFERROR(INDEX('トピック'!$D:$D,MATCH($F4,'トピック'!$A:$A,0)),"")} -> 踏み込む
A5: =B5&"_"&F5 -> C01_A1 | B5: C01 | C5: {=IFERROR(IF(INDEX('キャラ'!$B:$B,MATCH($B5,'キャラ'!$A:$A,0))=0,"",INDEX('キャラ'!$B:$B,MATCH($B5,'キャラ'!$A:$A,0))),"")} -> アリエル | D5: {=IFERROR(INDEX('キャラ'!$D:$D,MATCH($B5,'キャラ'!$A:$A,0)),"")} -> 本命 | F5: A1 | G5: {=IFERROR(INDEX('トピック'!$B:$B,MATCH($F5,'トピック'!$A:$A,0)),"")} -> 行動 | H5: {=IFERROR(INDEX('トピック'!$C:$C,MATCH($F5,'トピック'!$A:$A,0)),"")} -> 45 | I5: {=IFERROR(INDEX('トピック'!$D:$D,MATCH($F5,'トピック'!$A:$A,0)),"")} -> 軽い
A6: =B6&"_"&F6 -> C01_A2 | B6: C01 | C6: {=IFERROR(IF(INDEX('キャラ'!$B:$B,MATCH($B6,'キャラ'!$A:$A,0))=0,"",INDEX('キャラ'!$B:$B,MATCH($B6,'キャラ'!$A:$A,0))),"")} -> アリエル | D6: {=IFERROR(INDEX('キャラ'!$D:$D,MATCH($B6,'キャラ'!$A:$A,0)),"")} -> 本命 | F6: A2 | G6: {=IFERROR(INDEX('トピック'!$B:$B,MATCH($F6,'トピック'!$A:$A,0)),"")} -> 行動 | H6: {=IFERROR(INDEX('トピック'!$C:$C,MATCH($F6,'トピック'!$A:$A,0)),"")} -> 60 | I6: {=IFERROR(INDEX('トピック'!$D:$D,MATCH($F6,'トピック'!$A:$A,0)),"")} -> 普通
A7: =B7&"_"&F7 -> C01_A3 | B7: C01 | C7: {=IFERROR(IF(INDEX('キャラ'!$B:$B,MATCH($B7,'キャラ'!$A:$A,0))=0,"",INDEX('キャラ'!$B:$B,MATCH($B7,'キャラ'!$A:$A,0))),"")} -> アリエル | D7: {=IFERROR(INDEX('キャラ'!$D:$D,MATCH($B7,'キャラ'!$A:$A,0)),"")} -> 本命 | F7: A3 | G7: {=IFERROR(INDEX('トピック'!$B:$B,MATCH($F7,'トピック'!$A:$A,0)),"")} -> 行動 | H7: {=IFERROR(INDEX('トピック'!$C:$C,MATCH($F7,'トピック'!$A:$A,0)),"")} -> 80 | I7: {=IFERROR(INDEX('トピック'!$D:$D,MATCH($F7,'トピック'!$A:$A,0)),"")} -> 踏み込む
A8: =B8&"_"&F8 -> C01_G1 | B8: C01 | C8: {=IFERROR(IF(INDEX('キャラ'!$B:$B,MATCH($B8,'キャラ'!$A:$A,0))=0,"",INDEX('キャラ'!$B:$B,MATCH($B8,'キャラ'!$A:$A,0))),"")} -> アリエル | D8: {=IFERROR(INDEX('キャラ'!$D:$D,MATCH($B8,'キャラ'!$A:$A,0)),"")} -> 本命 | F8: G1 | G8: {=IFERROR(INDEX('トピック'!$B:$B,MATCH($F8,'トピック'!$A:$A,0)),"")} -> 目的 | H8: {=IFERROR(INDEX('トピック'!$C:$C,MATCH($F8,'トピック'!$A:$A,0)),"")} -> 45 | I8: {=IFERROR(INDEX('トピック'!$D:$D,MATCH($F8,'トピック'!$A:$A,0)),"")} -> 軽い
A9: =B9&"_"&F9 -> C01_G2 | B9: C01 | C9: {=IFERROR(IF(INDEX('キャラ'!$B:$B,MATCH($B9,'キャラ'!$A:$A,0))=0,"",INDEX('キャラ'!$B:$B,MATCH($B9,'キャラ'!$A:$A,0))),"")} -> アリエル | D9: {=IFERROR(INDEX('キャラ'!$D:$D,MATCH($B9,'キャラ'!$A:$A,0)),"")} -> 本命 | F9: G2 | G9: {=IFERROR(INDEX('トピック'!$B:$B,MATCH($F9,'トピック'!$A:$A,0)),"")} -> 目的 | H9: {=IFERROR(INDEX('トピック'!$C:$C,MATCH($F9,'トピック'!$A:$A,0)),"")} -> 60 | I9: {=IFERROR(INDEX('トピック'!$D:$D,MATCH($F9,'トピック'!$A:$A,0)),"")} -> 普通
A10: =B10&"_"&F10 -> C01_G3 | B10: C01 | C10: {=IFERROR(IF(INDEX('キャラ'!$B:$B,MATCH($B10,'キャラ'!$A:$A,0))=0,"",INDEX('キャラ'!$B:$B,MATCH($B10,'キャラ'!$A:$A,0))),"")} -> アリエル | D10: {=IFERROR(INDEX('キャラ'!$D:$D,MATCH($B10,'キャラ'!$A:$A,0)),"")} -> 本命 | F10: G3 | G10: {=IFERROR(INDEX('トピック'!$B:$B,MATCH($F10,'トピック'!$A:$A,0)),"")} -> 目的 | H10: {=IFERROR(INDEX('トピック'!$C:$C,MATCH($F10,'トピック'!$A:$A,0)),"")} -> 80 | I10: {=IFERROR(INDEX('トピック'!$D:$D,MATCH($F10,'トピック'!$A:$A,0)),"")} -> 踏み込む
A11: =B11&"_"&F11 -> C01_W1 | B11: C01 | C11: {=IFERROR(IF(INDEX('キャラ'!$B:$B,MATCH($B11,'キャラ'!$A:$A,0))=0,"",INDEX('キャラ'!$B:$B,MATCH($B11,'キャラ'!$A:$A,0))),"")} -> アリエル | D11: {=IFERROR(INDEX('キャラ'!$D:$D,MATCH($B11,'キャラ'!$A:$A,0)),"")} -> 本命 | F11: W1 | G11: {=IFERROR(INDEX('トピック'!$B:$B,MATCH($F11,'トピック'!$A:$A,0)),"")} -> 弱音 | H11: {=IFERROR(INDEX('トピック'!$C:$C,MATCH($F11,'トピック'!$A:$A,0)),"")} -> – | I11: {=IFERROR(INDEX('トピック'!$D:$D,MATCH($F11,'トピック'!$A:$A,0)),"")} -> （軸カード）
A12: =B12&"_"&F12 -> C01_W2 | B12: C01 | C12: {=IFERROR(IF(INDEX('キャラ'!$B:$B,MATCH($B12,'キャラ'!$A:$A,0))=0,"",INDEX('キャラ'!$B:$B,MATCH($B12,'キャラ'!$A:$A,0))),"")} -> アリエル | D12: {=IFERROR(INDEX('キャラ'!$D:$D,MATCH($B12,'キャラ'!$A:$A,0)),"")} -> 本命 | F12: W2 | G12: {=IFERROR(INDEX('トピック'!$B:$B,MATCH($F12,'トピック'!$A:$A,0)),"")} -> 弱音 | H12: {=IFERROR(INDEX('トピック'!$C:$C,MATCH($F12,'トピック'!$A:$A,0)),"")} -> – | I12: {=IFERROR(INDEX('トピック'!$D:$D,MATCH($F12,'トピック'!$A:$A,0)),"")} -> （核心カード）
A13: =B13&"_"&F13 -> C02_P1 | B13: C02 | C13: {=IFERROR(IF(INDEX('キャラ'!$B:$B,MATCH($B13,'キャラ'!$A:$A,0))=0,"",INDEX('キャラ'!$B:$B,MATCH($B13,'キャラ'!$A:$A,0))),"")} -> アリーシア | D13: {=IFERROR(INDEX('キャラ'!$D:$D,MATCH($B13,'キャラ'!$A:$A,0)),"")} -> 本命 | E13: {=IFERROR(IF(INDEX('キャラ'!$G:$G,MATCH($B13,'キャラ'!$A:$A,0))=0,"",INDEX('キャラ'!$G:$G,MATCH($B13,'キャラ'!$A:$A,0))),"")} | F13: P1 | G13: {=IFERROR(INDEX('トピック'!$B:$B,MATCH($F13,'トピック'!$A:$A,0)),"")} -> 場所 | H13: {=IFERROR(INDEX('トピック'!$C:$C,MATCH($F13,'トピック'!$A:$A,0)),"")} -> 45 | I13: {=IFERROR(INDEX('トピック'!$D:$D,MATCH($F13,'トピック'!$A:$A,0)),"")} -> 軽い | J13: {=IFERROR(INDEX('トピック'!$E:$E,MATCH($F13,'トピック'!$A:$A,0)),"")} -> 最近いった場所 | K13: 最近行った場所、とな。 | L13: 久しぶりに姉に会ったら、驚いて固まっておったな。 | M13: 手鏡屋に行った。美しいものは見ていて楽しかった。 | N13: 美容室とやらに行ったが、職人が目を閉じて切りおって今はボブのようなボサボサだ。 | O13: =IF(OR($G13="弱音",$D13="モブ"),IF(COUNTBLANK(K13:M13)>0,"未完","OK"),IF(COUNTBLANK(K13:N13)>0,"未完","OK")) -> OK
A14: =B14&"_"&F14 -> C02_P2 | B14: C02 | C14: {=IFERROR(IF(INDEX('キャラ'!$B:$B,MATCH($B14,'キャラ'!$A:$A,0))=0,"",INDEX('キャラ'!$B:$B,MATCH($B14,'キャラ'!$A:$A,0))),"")} -> アリーシア | D14: {=IFERROR(INDEX('キャラ'!$D:$D,MATCH($B14,'キャラ'!$A:$A,0)),"")} -> 本命 | E14: {=IFERROR(IF(INDEX('キャラ'!$G:$G,MATCH($B14,'キャラ'!$A:$A,0))=0,"",INDEX('キャラ'!$G:$G,MATCH($B14,'キャラ'!$A:$A,0))),"")} | F14: P2 | G14: {=IFERROR(INDEX('トピック'!$B:$B,MATCH($F14,'トピック'!$A:$A,0)),"")} -> 場所 | H14: {=IFERROR(INDEX('トピック'!$C:$C,MATCH($F14,'トピック'!$A:$A,0)),"")} -> 60 | I14: {=IFERROR(INDEX('トピック'!$D:$D,MATCH($F14,'トピック'!$A:$A,0)),"")} -> 普通 | J14: {=IFERROR(INDEX('トピック'!$E:$E,MATCH($F14,'トピック'!$A:$A,0)),"")} -> 行ってみたい場所 | K14: うむ、行ってみたい場所か。 | L14: 人間の多い場所は好きではないな。視線をかんじるゆえに。 | M14: 最近人間どもの間で流行っている伊達メガネというものが気になる。眼鏡屋にいけばオーダーメイドできるのだろうか。 | N14: 祭りは悪い気がせんな。祀られているのが我でなくても、力がみなぎるようだ。 | O14: =IF(OR($G14="弱音",$D14="モブ"),IF(COUNTBLANK(K14:M14)>0,"未完","OK"),IF(COUNTBLANK(K14:N14)>0,"未完","OK")) -> OK
A15: =B15&"_"&F15 -> C02_P3 | B15: C02 | C15: {=IFERROR(IF(INDEX('キャラ'!$B:$B,MATCH($B15,'キャラ'!$A:$A,0))=0,"",INDEX('キャラ'!$B:$B,MATCH($B15,'キャラ'!$A:$A,0))),"")} -> アリーシア | D15: {=IFERROR(INDEX('キャラ'!$D:$D,MATCH($B15,'キャラ'!$A:$A,0)),"")} -> 本命 | E15: {=IFERROR(IF(INDEX('キャラ'!$G:$G,MATCH($B15,'キャラ'!$A:$A,0))=0,"",INDEX('キャラ'!$G:$G,MATCH($B15,'キャラ'!$A:$A,0))),"")} | F15: P3 | G15: {=IFERROR(INDEX('トピック'!$B:$B,MATCH($F15,'トピック'!$A:$A,0)),"")} -> 場所 | H15: {=IFERROR(INDEX('トピック'!$C:$C,MATCH($F15,'トピック'!$A:$A,0)),"")} -> 80 | I15: {=IFERROR(INDEX('トピック'!$D:$D,MATCH($F15,'トピック'!$A:$A,0)),"")} -> 踏み込む | J15: {=IFERROR(INDEX('トピック'!$E:$E,MATCH($F15,'トピック'!$A:$A,0)),"")} -> 出身地 | K15: 正直出身地にいい思い出はないな。 | L15: 話せば長くなる。汝も痴情のもつれ話を聞きたいわけではなかろう。 | M15: 海のきれいな場所は好きだな。涙を流しても海の中ならばれないだろう？ | N15: ペルセウスに討たれてから西の果ての海に戻ったことはない。 | O15: =IF(OR($G15="弱音",$D15="モブ"),IF(COUNTBLANK(K15:M15)>0,"未完","OK"),IF(COUNTBLANK(K15:N15)>0,"未完","OK")) -> OK
A16: =B16&"_"&F16 -> C02_A1 | B16: C02 | C16: {=IFERROR(IF(INDEX('キャラ'!$B:$B,MATCH($B16,'キャラ'!$A:$A,0))=0,"",INDEX('キャラ'!$B:$B,MATCH($B16,'キャラ'!$A:$A,0))),"")} -> アリーシア | D16: {=IFERROR(INDEX('キャラ'!$D:$D,MATCH($B16,'キャラ'!$A:$A,0)),"")} -> 本命 | E16: {=IFERROR(IF(INDEX('キャラ'!$G:$G,MATCH($B16,'キャラ'!$A:$A,0))=0,"",INDEX('キャラ'!$G:$G,MATCH($B16,'キャラ'!$A:$A,0))),"")} | F16: A1 | G16: {=IFERROR(INDEX('トピック'!$B:$B,MATCH($F16,'トピック'!$A:$A,0)),"")} -> 行動 | H16: {=IFERROR(INDEX('トピック'!$C:$C,MATCH($F16,'トピック'!$A:$A,0)),"")} -> 45 | I16: {=IFERROR(INDEX('トピック'!$D:$D,MATCH($F16,'トピック'!$A:$A,0)),"")} -> 軽い | J16: {=IFERROR(INDEX('トピック'!$E:$E,MATCH($F16,'トピック'!$A:$A,0)),"")} -> 休みの日、何してる？ | K16: 人間じみた質問だな。 | L16: 特に何をするでもない、静かに過ごすのを好む。 | M16: 人間に紛れて映画を見に行くことがある。余は悪しきものとして描かれることが多いがな笑 | N16: ギリシアの神々は休まない。まあ私は故郷を離れたが。 | O16: =IF(OR($G16="弱音",$D16="モブ"),IF(COUNTBLANK(K16:M16)>0,"未完","OK"),IF(COUNTBLANK(K16:N16)>0,"未完","OK")) -> OK
A17: =B17&"_"&F17 -> C02_A2 | B17: C02 | C17: {=IFERROR(IF(INDEX('キャラ'!$B:$B,MATCH($B17,'キャラ'!$A:$A,0))=0,"",INDEX('キャラ'!$B:$B,MATCH($B17,'キャラ'!$A:$A,0))),"")} -> アリーシア | D17: {=IFERROR(INDEX('キャラ'!$D:$D,MATCH($B17,'キャラ'!$A:$A,0)),"")} -> 本命 | E17: {=IFERROR(IF(INDEX('キャラ'!$G:$G,MATCH($B17,'キャラ'!$A:$A,0))=0,"",INDEX('キャラ'!$G:$G,MATCH($B17,'キャラ'!$A:$A,0))),"")} | F17: A2 | G17: {=IFERROR(INDEX('トピック'!$B:$B,MATCH($F17,'トピック'!$A:$A,0)),"")} -> 行動 | H17: {=IFERROR(INDEX('トピック'!$C:$C,MATCH($F17,'トピック'!$A:$A,0)),"")} -> 60 | I17: {=IFERROR(INDEX('トピック'!$D:$D,MATCH($F17,'トピック'!$A:$A,0)),"")} -> 普通 | J17: {=IFERROR(INDEX('トピック'!$E:$E,MATCH($F17,'トピック'!$A:$A,0)),"")} -> 最近ハマってること | K17: 最近か…… | L17: 300年ほど前に港で食べた寿司はうまかった。 | M17: 蒸気アイマスクをつけて寝ることが最近のマイブームだ。 | N17: 石像を彫る真似事をしておる。……皮肉なものだがな。 | O17: =IF(OR($G17="弱音",$D17="モブ"),IF(COUNTBLANK(K17:M17)>0,"未完","OK"),IF(COUNTBLANK(K17:N17)>0,"未完","OK")) -> OK
A18: =B18&"_"&F18 -> C02_A3 | B18: C02 | C18: {=IFERROR(IF(INDEX('キャラ'!$B:$B,MATCH($B18,'キャラ'!$A:$A,0))=0,"",INDEX('キャラ'!$B:$B,MATCH($B18,'キャラ'!$A:$A,0))),"")} -> アリーシア | D18: {=IFERROR(INDEX('キャラ'!$D:$D,MATCH($B18,'キャラ'!$A:$A,0)),"")} -> 本命 | E18: {=IFERROR(IF(INDEX('キャラ'!$G:$G,MATCH($B18,'キャラ'!$A:$A,0))=0,"",INDEX('キャラ'!$G:$G,MATCH($B18,'キャラ'!$A:$A,0))),"")} | F18: A3 | G18: {=IFERROR(INDEX('トピック'!$B:$B,MATCH($F18,'トピック'!$A:$A,0)),"")} -> 行動 | H18: {=IFERROR(INDEX('トピック'!$C:$C,MATCH($F18,'トピック'!$A:$A,0)),"")} -> 80 | I18: {=IFERROR(INDEX('トピック'!$D:$D,MATCH($F18,'トピック'!$A:$A,0)),"")} -> 踏み込む | J18: {=IFERROR(INDEX('トピック'!$E:$E,MATCH($F18,'トピック'!$A:$A,0)),"")} -> ひとりの時間の過ごし方 | K18: ひとりの時間、と汝は聞くか。 | L18: 誰の視界にも入らぬ時間というのは、案外、悪くないものだ。 | M18: 眠る前に星を見るのが好きでな。星々は目を合わしても石になることはない。 | N18: 私はこの目の力から、常に一人だった。いまさら一人で過ごすことは別に寂しくなどない。慣れている。 | O18: =IF(OR($G18="弱音",$D18="モブ"),IF(COUNTBLANK(K18:M18)>0,"未完","OK"),IF(COUNTBLANK(K18:N18)>0,"未完","OK")) -> OK
A19: =B19&"_"&F19 -> C02_G1 | B19: C02 | C19: {=IFERROR(IF(INDEX('キャラ'!$B:$B,MATCH($B19,'キャラ'!$A:$A,0))=0,"",INDEX('キャラ'!$B:$B,MATCH($B19,'キャラ'!$A:$A,0))),"")} -> アリーシア | D19: {=IFERROR(INDEX('キャラ'!$D:$D,MATCH($B19,'キャラ'!$A:$A,0)),"")} -> 本命 | E19: {=IFERROR(IF(INDEX('キャラ'!$G:$G,MATCH($B19,'キャラ'!$A:$A,0))=0,"",INDEX('キャラ'!$G:$G,MATCH($B19,'キャラ'!$A:$A,0))),"")} | F19: G1 | G19: {=IFERROR(INDEX('トピック'!$B:$B,MATCH($F19,'トピック'!$A:$A,0)),"")} -> 目的 | H19: {=IFERROR(INDEX('トピック'!$C:$C,MATCH($F19,'トピック'!$A:$A,0)),"")} -> 45 | I19: {=IFERROR(INDEX('トピック'!$D:$D,MATCH($F19,'トピック'!$A:$A,0)),"")} -> 軽い | J19: {=IFERROR(INDEX('トピック'!$E:$E,MATCH($F19,'トピック'!$A:$A,0)),"")} -> なんでこのアプリ入れたん？ | K19: なぜこの機だったか、と? | L19: 姉に勧められて、な。断る理由もなかっただけだ。 | M19: 画面越しに目を合わせずに人と話せる機会というのが物珍しくてな。それだけでも充分楽しむことができた。 | N19: ただの暇つぶしよ。一人何もせずに生きていると気が狂う。 | O19: =IF(OR($G19="弱音",$D19="モブ"),IF(COUNTBLANK(K19:M19)>0,"未完","OK"),IF(COUNTBLANK(K19:N19)>0,"未完","OK")) -> OK
A20: =B20&"_"&F20 -> C02_G2 | B20: C02 | C20: {=IFERROR(IF(INDEX('キャラ'!$B:$B,MATCH($B20,'キャラ'!$A:$A,0))=0,"",INDEX('キャラ'!$B:$B,MATCH($B20,'キャラ'!$A:$A,0))),"")} -> アリーシア | D20: {=IFERROR(INDEX('キャラ'!$D:$D,MATCH($B20,'キャラ'!$A:$A,0)),"")} -> 本命 | E20: {=IFERROR(IF(INDEX('キャラ'!$G:$G,MATCH($B20,'キャラ'!$A:$A,0))=0,"",INDEX('キャラ'!$G:$G,MATCH($B20,'キャラ'!$A:$A,0))),"")} | F20: G2 | G20: {=IFERROR(INDEX('トピック'!$B:$B,MATCH($F20,'トピック'!$A:$A,0)),"")} -> 目的 | H20: {=IFERROR(INDEX('トピック'!$C:$C,MATCH($F20,'トピック'!$A:$A,0)),"")} -> 60 | I20: {=IFERROR(INDEX('トピック'!$D:$D,MATCH($F20,'トピック'!$A:$A,0)),"")} -> 普通 | J20: {=IFERROR(INDEX('トピック'!$E:$E,MATCH($F20,'トピック'!$A:$A,0)),"")} -> どういう人がタイプ？ | K20: 好みの者、か。 | L20: 見た目で判ずる者ではないと、そう信じたいがな。 | M20: どんなことが起きても目を逸らさずに、まっすぐこちらを見ることのできる者がよい。騙したり裏切ったりするのは疲れる。 | N20: 面食いというわけではない。中身が伴っておれば、それでよい。 | O20: =IF(OR($G20="弱音",$D20="モブ"),IF(COUNTBLANK(K20:M20)>0,"未完","OK"),IF(COUNTBLANK(K20:N20)>0,"未完","OK")) -> OK
A21: =B21&"_"&F21 -> C02_G3 | B21: C02 | C21: {=IFERROR(IF(INDEX('キャラ'!$B:$B,MATCH($B21,'キャラ'!$A:$A,0))=0,"",INDEX('キャラ'!$B:$B,MATCH($B21,'キャラ'!$A:$A,0))),"")} -> アリーシア | D21: {=IFERROR(INDEX('キャラ'!$D:$D,MATCH($B21,'キャラ'!$A:$A,0)),"")} -> 本命 | E21: {=IFERROR(IF(INDEX('キャラ'!$G:$G,MATCH($B21,'キャラ'!$A:$A,0))=0,"",INDEX('キャラ'!$G:$G,MATCH($B21,'キャラ'!$A:$A,0))),"")} | F21: G3 | G21: {=IFERROR(INDEX('トピック'!$B:$B,MATCH($F21,'トピック'!$A:$A,0)),"")} -> 目的 | H21: {=IFERROR(INDEX('トピック'!$C:$C,MATCH($F21,'トピック'!$A:$A,0)),"")} -> 80 | I21: {=IFERROR(INDEX('トピック'!$D:$D,MATCH($F21,'トピック'!$A:$A,0)),"")} -> 踏み込む | J21: {=IFERROR(INDEX('トピック'!$E:$E,MATCH($F21,'トピック'!$A:$A,0)),"")} -> この先どうなりたい？ | K21: この先、と汝は問うか。 | L21: 深く考えたことは、これまでなかったがな。 | M21: 誰かと目を合わせて笑いあいたいなと思う。 | N21: 今のまま穏やかに暮らしたい。今更、変わりようもないしな。 | O21: =IF(OR($G21="弱音",$D21="モブ"),IF(COUNTBLANK(K21:M21)>0,"未完","OK"),IF(COUNTBLANK(K21:N21)>0,"未完","OK")) -> OK
A22: =B22&"_"&F22 -> C02_W1 | B22: C02 | C22: {=IFERROR(IF(INDEX('キャラ'!$B:$B,MATCH($B22,'キャラ'!$A:$A,0))=0,"",INDEX('キャラ'!$B:$B,MATCH($B22,'キャラ'!$A:$A,0))),"")} -> アリーシア | D22: {=IFERROR(INDEX('キャラ'!$D:$D,MATCH($B22,'キャラ'!$A:$A,0)),"")} -> 本命 | E22: {=IFERROR(IF(INDEX('キャラ'!$G:$G,MATCH($B22,'キャラ'!$A:$A,0))=0,"",INDEX('キャラ'!$G:$G,MATCH($B22,'キャラ'!$A:$A,0))),"")} | F22: W1 | G22: {=IFERROR(INDEX('トピック'!$B:$B,MATCH($F22,'トピック'!$A:$A,0)),"")} -> 弱音 | H22: {=IFERROR(INDEX('トピック'!$C:$C,MATCH($F22,'トピック'!$A:$A,0)),"")} -> – | I22: {=IFERROR(INDEX('トピック'!$D:$D,MATCH($F22,'トピック'!$A:$A,0)),"")} -> （軸カード） | J22: {=IFERROR(INDEX('トピック'!$E:$E,MATCH($F22,'トピック'!$A:$A,0)),"")} -> （相手から切り出す） | L22: 生き物の目は美しい。見たり、見られたり、それだけでも多くの幸せがあるのに、我はそれを禁じられている。 | O22: =IF(OR($G22="弱音",$D22="モブ"),IF(COUNTBLANK(K22:M22)>0,"未完","OK"),IF(COUNTBLANK(K22:N22)>0,"未完","OK")) -> 未完
A23: =B23&"_"&F23 -> C02_W2 | B23: C02 | C23: {=IFERROR(IF(INDEX('キャラ'!$B:$B,MATCH($B23,'キャラ'!$A:$A,0))=0,"",INDEX('キャラ'!$B:$B,MATCH($B23,'キャラ'!$A:$A,0))),"")} -> アリーシア | D23: {=IFERROR(INDEX('キャラ'!$D:$D,MATCH($B23,'キャラ'!$A:$A,0)),"")} -> 本命 | E23: {=IFERROR(IF(INDEX('キャラ'!$G:$G,MATCH($B23,'キャラ'!$A:$A,0))=0,"",INDEX('キャラ'!$G:$G,MATCH($B23,'キャラ'!$A:$A,0))),"")} | F23: W2 | G23: {=IFERROR(INDEX('トピック'!$B:$B,MATCH($F23,'トピック'!$A:$A,0)),"")} -> 弱音 | H23: {=IFERROR(INDEX('トピック'!$C:$C,MATCH($F23,'トピック'!$A:$A,0)),"")} -> – | I23: {=IFERROR(INDEX('トピック'!$D:$D,MATCH($F23,'トピック'!$A:$A,0)),"")} -> （核心カード） | J23: {=IFERROR(INDEX('トピック'!$E:$E,MATCH($F23,'トピック'!$A:$A,0)),"")} -> （相手から切り出す・核心） | O23: =IF(OR($G23="弱音",$D23="モブ"),IF(COUNTBLANK(K23:M23)>0,"未完","OK"),IF(COUNTBLANK(K23:N23)>0,"未完","OK")) -> 未完
A24: =B24&"_"&F24 -> C03_P1 | B24: C03 | C24: {=IFERROR(IF(INDEX('キャラ'!$B:$B,MATCH($B24,'キャラ'!$A:$A,0))=0,"",INDEX('キャラ'!$B:$B,MATCH($B24,'キャラ'!$A:$A,0))),"")} -> ミカ | D24: {=IFERROR(INDEX('キャラ'!$D:$D,MATCH($B24,'キャラ'!$A:$A,0)),"")} -> 本命 | E24: {=IFERROR(IF(INDEX('キャラ'!$G:$G,MATCH($B24,'キャラ'!$A:$A,0))=0,"",INDEX('キャラ'!$G:$G,MATCH($B24,'キャラ'!$A:$A,0))),"")} | F24: P1 | G24: {=IFERROR(INDEX('トピック'!$B:$B,MATCH($F24,'トピック'!$A:$A,0)),"")} -> 場所 | H24: {=IFERROR(INDEX('トピック'!$C:$C,MATCH($F24,'トピック'!$A:$A,0)),"")} -> 45 | I24: {=IFERROR(INDEX('トピック'!$D:$D,MATCH($F24,'トピック'!$A:$A,0)),"")} -> 軽い | J24: {=IFERROR(INDEX('トピック'!$E:$E,MATCH($F24,'トピック'!$A:$A,0)),"")} -> 最近いった場所 | O24: =IF(OR($G24="弱音",$D24="モブ"),IF(COUNTBLANK(K24:M24)>0,"未完","OK"),IF(COUNTBLANK(K24:N24)>0,"未完","OK")) -> 未完
A25: =B25&"_"&F25 -> C03_P2 | B25: C03 | C25: {=IFERROR(IF(INDEX('キャラ'!$B:$B,MATCH($B25,'キャラ'!$A:$A,0))=0,"",INDEX('キャラ'!$B:$B,MATCH($B25,'キャラ'!$A:$A,0))),"")} -> ミカ | D25: {=IFERROR(INDEX('キャラ'!$D:$D,MATCH($B25,'キャラ'!$A:$A,0)),"")} -> 本命 | E25: {=IFERROR(IF(INDEX('キャラ'!$G:$G,MATCH($B25,'キャラ'!$A:$A,0))=0,"",INDEX('キャラ'!$G:$G,MATCH($B25,'キャラ'!$A:$A,0))),"")} | F25: P2 | G25: {=IFERROR(INDEX('トピック'!$B:$B,MATCH($F25,'トピック'!$A:$A,0)),"")} -> 場所 | H25: {=IFERROR(INDEX('トピック'!$C:$C,MATCH($F25,'トピック'!$A:$A,0)),"")} -> 60 | I25: {=IFERROR(INDEX('トピック'!$D:$D,MATCH($F25,'トピック'!$A:$A,0)),"")} -> 普通 | J25: {=IFERROR(INDEX('トピック'!$E:$E,MATCH($F25,'トピック'!$A:$A,0)),"")} -> 行ってみたい場所 | O25: =IF(OR($G25="弱音",$D25="モブ"),IF(COUNTBLANK(K25:M25)>0,"未完","OK"),IF(COUNTBLANK(K25:N25)>0,"未完","OK")) -> 未完
A26: =B26&"_"&F26 -> C03_P3 | B26: C03 | C26: {=IFERROR(IF(INDEX('キャラ'!$B:$B,MATCH($B26,'キャラ'!$A:$A,0))=0,"",INDEX('キャラ'!$B:$B,MATCH($B26,'キャラ'!$A:$A,0))),"")} -> ミカ | D26: {=IFERROR(INDEX('キャラ'!$D:$D,MATCH($B26,'キャラ'!$A:$A,0)),"")} -> 本命 | E26: {=IFERROR(IF(INDEX('キャラ'!$G:$G,MATCH($B26,'キャラ'!$A:$A,0))=0,"",INDEX('キャラ'!$G:$G,MATCH($B26,'キャラ'!$A:$A,0))),"")} | F26: P3 | G26: {=IFERROR(INDEX('トピック'!$B:$B,MATCH($F26,'トピック'!$A:$A,0)),"")} -> 場所 | H26: {=IFERROR(INDEX('トピック'!$C:$C,MATCH($F26,'トピック'!$A:$A,0)),"")} -> 80 | I26: {=IFERROR(INDEX('トピック'!$D:$D,MATCH($F26,'トピック'!$A:$A,0)),"")} -> 踏み込む | J26: {=IFERROR(INDEX('トピック'!$E:$E,MATCH($F26,'トピック'!$A:$A,0)),"")} -> 出身地 | O26: =IF(OR($G26="弱音",$D26="モブ"),IF(COUNTBLANK(K26:M26)>0,"未完","OK"),IF(COUNTBLANK(K26:N26)>0,"未完","OK")) -> 未完
A27: =B27&"_"&F27 -> C03_A1 | B27: C03 | C27: {=IFERROR(IF(INDEX('キャラ'!$B:$B,MATCH($B27,'キャラ'!$A:$A,0))=0,"",INDEX('キャラ'!$B:$B,MATCH($B27,'キャラ'!$A:$A,0))),"")} -> ミカ | D27: {=IFERROR(INDEX('キャラ'!$D:$D,MATCH($B27,'キャラ'!$A:$A,0)),"")} -> 本命 | E27: {=IFERROR(IF(INDEX('キャラ'!$G:$G,MATCH($B27,'キャラ'!$A:$A,0))=0,"",INDEX('キャラ'!$G:$G,MATCH($B27,'キャラ'!$A:$A,0))),"")} | F27: A1 | G27: {=IFERROR(INDEX('トピック'!$B:$B,MATCH($F27,'トピック'!$A:$A,0)),"")} -> 行動 | H27: {=IFERROR(INDEX('トピック'!$C:$C,MATCH($F27,'トピック'!$A:$A,0)),"")} -> 45 | I27: {=IFERROR(INDEX('トピック'!$D:$D,MATCH($F27,'トピック'!$A:$A,0)),"")} -> 軽い | J27: {=IFERROR(INDEX('トピック'!$E:$E,MATCH($F27,'トピック'!$A:$A,0)),"")} -> 休みの日、何してる？ | O27: =IF(OR($G27="弱音",$D27="モブ"),IF(COUNTBLANK(K27:M27)>0,"未完","OK"),IF(COUNTBLANK(K27:N27)>0,"未完","OK")) -> 未完
A28: =B28&"_"&F28 -> C03_A2 | B28: C03 | C28: {=IFERROR(IF(INDEX('キャラ'!$B:$B,MATCH($B28,'キャラ'!$A:$A,0))=0,"",INDEX('キャラ'!$B:$B,MATCH($B28,'キャラ'!$A:$A,0))),"")} -> ミカ | D28: {=IFERROR(INDEX('キャラ'!$D:$D,MATCH($B28,'キャラ'!$A:$A,0)),"")} -> 本命 | E28: {=IFERROR(IF(INDEX('キャラ'!$G:$G,MATCH($B28,'キャラ'!$A:$A,0))=0,"",INDEX('キャラ'!$G:$G,MATCH($B28,'キャラ'!$A:$A,0))),"")} | F28: A2 | G28: {=IFERROR(INDEX('トピック'!$B:$B,MATCH($F28,'トピック'!$A:$A,0)),"")} -> 行動 | H28: {=IFERROR(INDEX('トピック'!$C:$C,MATCH($F28,'トピック'!$A:$A,0)),"")} -> 60 | I28: {=IFERROR(INDEX('トピック'!$D:$D,MATCH($F28,'トピック'!$A:$A,0)),"")} -> 普通 | J28: {=IFERROR(INDEX('トピック'!$E:$E,MATCH($F28,'トピック'!$A:$A,0)),"")} -> 最近ハマってること | O28: =IF(OR($G28="弱音",$D28="モブ"),IF(COUNTBLANK(K28:M28)>0,"未完","OK"),IF(COUNTBLANK(K28:N28)>0,"未完","OK")) -> 未完
A29: =B29&"_"&F29 -> C03_A3 | B29: C03 | C29: {=IFERROR(IF(INDEX('キャラ'!$B:$B,MATCH($B29,'キャラ'!$A:$A,0))=0,"",INDEX('キャラ'!$B:$B,MATCH($B29,'キャラ'!$A:$A,0))),"")} -> ミカ | D29: {=IFERROR(INDEX('キャラ'!$D:$D,MATCH($B29,'キャラ'!$A:$A,0)),"")} -> 本命 | E29: {=IFERROR(IF(INDEX('キャラ'!$G:$G,MATCH($B29,'キャラ'!$A:$A,0))=0,"",INDEX('キャラ'!$G:$G,MATCH($B29,'キャラ'!$A:$A,0))),"")} | F29: A3 | G29: {=IFERROR(INDEX('トピック'!$B:$B,MATCH($F29,'トピック'!$A:$A,0)),"")} -> 行動 | H29: {=IFERROR(INDEX('トピック'!$C:$C,MATCH($F29,'トピック'!$A:$A,0)),"")} -> 80 | I29: {=IFERROR(INDEX('トピック'!$D:$D,MATCH($F29,'トピック'!$A:$A,0)),"")} -> 踏み込む | J29: {=IFERROR(INDEX('トピック'!$E:$E,MATCH($F29,'トピック'!$A:$A,0)),"")} -> ひとりの時間の過ごし方 | O29: =IF(OR($G29="弱音",$D29="モブ"),IF(COUNTBLANK(K29:M29)>0,"未完","OK"),IF(COUNTBLANK(K29:N29)>0,"未完","OK")) -> 未完
A30: =B30&"_"&F30 -> C03_G1 | B30: C03 | C30: {=IFERROR(IF(INDEX('キャラ'!$B:$B,MATCH($B30,'キャラ'!$A:$A,0))=0,"",INDEX('キャラ'!$B:$B,MATCH($B30,'キャラ'!$A:$A,0))),"")} -> ミカ | D30: {=IFERROR(INDEX('キャラ'!$D:$D,MATCH($B30,'キャラ'!$A:$A,0)),"")} -> 本命 | E30: {=IFERROR(IF(INDEX('キャラ'!$G:$G,MATCH($B30,'キャラ'!$A:$A,0))=0,"",INDEX('キャラ'!$G:$G,MATCH($B30,'キャラ'!$A:$A,0))),"")} | F30: G1 | G30: {=IFERROR(INDEX('トピック'!$B:$B,MATCH($F30,'トピック'!$A:$A,0)),"")} -> 目的 | H30: {=IFERROR(INDEX('トピック'!$C:$C,MATCH($F30,'トピック'!$A:$A,0)),"")} -> 45 | I30: {=IFERROR(INDEX('トピック'!$D:$D,MATCH($F30,'トピック'!$A:$A,0)),"")} -> 軽い | J30: {=IFERROR(INDEX('トピック'!$E:$E,MATCH($F30,'トピック'!$A:$A,0)),"")} -> なんでこのアプリ入れたん？ | O30: =IF(OR($G30="弱音",$D30="モブ"),IF(COUNTBLANK(K30:M30)>0,"未完","OK"),IF(COUNTBLANK(K30:N30)>0,"未完","OK")) -> 未完
A31: =B31&"_"&F31 -> C03_G2 | B31: C03 | C31: {=IFERROR(IF(INDEX('キャラ'!$B:$B,MATCH($B31,'キャラ'!$A:$A,0))=0,"",INDEX('キャラ'!$B:$B,MATCH($B31,'キャラ'!$A:$A,0))),"")} -> ミカ | D31: {=IFERROR(INDEX('キャラ'!$D:$D,MATCH($B31,'キャラ'!$A:$A,0)),"")} -> 本命 | E31: {=IFERROR(IF(INDEX('キャラ'!$G:$G,MATCH($B31,'キャラ'!$A:$A,0))=0,"",INDEX('キャラ'!$G:$G,MATCH($B31,'キャラ'!$A:$A,0))),"")} | F31: G2 | G31: {=IFERROR(INDEX('トピック'!$B:$B,MATCH($F31,'トピック'!$A:$A,0)),"")} -> 目的 | H31: {=IFERROR(INDEX('トピック'!$C:$C,MATCH($F31,'トピック'!$A:$A,0)),"")} -> 60 | I31: {=IFERROR(INDEX('トピック'!$D:$D,MATCH($F31,'トピック'!$A:$A,0)),"")} -> 普通 | J31: {=IFERROR(INDEX('トピック'!$E:$E,MATCH($F31,'トピック'!$A:$A,0)),"")} -> どういう人がタイプ？ | O31: =IF(OR($G31="弱音",$D31="モブ"),IF(COUNTBLANK(K31:M31)>0,"未完","OK"),IF(COUNTBLANK(K31:N31)>0,"未完","OK")) -> 未完
A32: =B32&"_"&F32 -> C03_G3 | B32: C03 | C32: {=IFERROR(IF(INDEX('キャラ'!$B:$B,MATCH($B32,'キャラ'!$A:$A,0))=0,"",INDEX('キャラ'!$B:$B,MATCH($B32,'キャラ'!$A:$A,0))),"")} -> ミカ | D32: {=IFERROR(INDEX('キャラ'!$D:$D,MATCH($B32,'キャラ'!$A:$A,0)),"")} -> 本命 | E32: {=IFERROR(IF(INDEX('キャラ'!$G:$G,MATCH($B32,'キャラ'!$A:$A,0))=0,"",INDEX('キャラ'!$G:$G,MATCH($B32,'キャラ'!$A:$A,0))),"")} | F32: G3 | G32: {=IFERROR(INDEX('トピック'!$B:$B,MATCH($F32,'トピック'!$A:$A,0)),"")} -> 目的 | H32: {=IFERROR(INDEX('トピック'!$C:$C,MATCH($F32,'トピック'!$A:$A,0)),"")} -> 80 | I32: {=IFERROR(INDEX('トピック'!$D:$D,MATCH($F32,'トピック'!$A:$A,0)),"")} -> 踏み込む | J32: {=IFERROR(INDEX('トピック'!$E:$E,MATCH($F32,'トピック'!$A:$A,0)),"")} -> この先どうなりたい？ | O32: =IF(OR($G32="弱音",$D32="モブ"),IF(COUNTBLANK(K32:M32)>0,"未完","OK"),IF(COUNTBLANK(K32:N32)>0,"未完","OK")) -> 未完
A33: =B33&"_"&F33 -> C03_W1 | B33: C03 | C33: {=IFERROR(IF(INDEX('キャラ'!$B:$B,MATCH($B33,'キャラ'!$A:$A,0))=0,"",INDEX('キャラ'!$B:$B,MATCH($B33,'キャラ'!$A:$A,0))),"")} -> ミカ | D33: {=IFERROR(INDEX('キャラ'!$D:$D,MATCH($B33,'キャラ'!$A:$A,0)),"")} -> 本命 | E33: {=IFERROR(IF(INDEX('キャラ'!$G:$G,MATCH($B33,'キャラ'!$A:$A,0))=0,"",INDEX('キャラ'!$G:$G,MATCH($B33,'キャラ'!$A:$A,0))),"")} | F33: W1 | G33: {=IFERROR(INDEX('トピック'!$B:$B,MATCH($F33,'トピック'!$A:$A,0)),"")} -> 弱音 | H33: {=IFERROR(INDEX('トピック'!$C:$C,MATCH($F33,'トピック'!$A:$A,0)),"")} -> – | I33: {=IFERROR(INDEX('トピック'!$D:$D,MATCH($F33,'トピック'!$A:$A,0)),"")} -> （軸カード） | J33: {=IFERROR(INDEX('トピック'!$E:$E,MATCH($F33,'トピック'!$A:$A,0)),"")} -> （相手から切り出す） | O33: =IF(OR($G33="弱音",$D33="モブ"),IF(COUNTBLANK(K33:M33)>0,"未完","OK"),IF(COUNTBLANK(K33:N33)>0,"未完","OK")) -> 未完
A34: =B34&"_"&F34 -> C03_W2 | B34: C03 | C34: {=IFERROR(IF(INDEX('キャラ'!$B:$B,MATCH($B34,'キャラ'!$A:$A,0))=0,"",INDEX('キャラ'!$B:$B,MATCH($B34,'キャラ'!$A:$A,0))),"")} -> ミカ | D34: {=IFERROR(INDEX('キャラ'!$D:$D,MATCH($B34,'キャラ'!$A:$A,0)),"")} -> 本命 | E34: {=IFERROR(IF(INDEX('キャラ'!$G:$G,MATCH($B34,'キャラ'!$A:$A,0))=0,"",INDEX('キャラ'!$G:$G,MATCH($B34,'キャラ'!$A:$A,0))),"")} | F34: W2 | G34: {=IFERROR(INDEX('トピック'!$B:$B,MATCH($F34,'トピック'!$A:$A,0)),"")} -> 弱音 | H34: {=IFERROR(INDEX('トピック'!$C:$C,MATCH($F34,'トピック'!$A:$A,0)),"")} -> – | I34: {=IFERROR(INDEX('トピック'!$D:$D,MATCH($F34,'トピック'!$A:$A,0)),"")} -> （核心カード） | J34: {=IFERROR(INDEX('トピック'!$E:$E,MATCH($F34,'トピック'!$A:$A,0)),"")} -> （相手から切り出す・核心） | O34: =IF(OR($G34="弱音",$D34="モブ"),IF(COUNTBLANK(K34:M34)>0,"未完","OK"),IF(COUNTBLANK(K34:N34)>0,"未完","OK")) -> 未完
... A55: =B55&"_"&F55 -> C10_G1 | B55: C10 | C55: {=IFERROR(IF(INDEX('キャラ'!$B:$B,MATCH($B55,'キャラ'!$A:$A,0))=0,"",INDEX('キャラ'!$B:$B,MATCH($B55,'キャラ'!$A:$A,0))),"")} | D55: {=IFERROR(INDEX('キャラ'!$D:$D,MATCH($B55,'キャラ'!$A:$A,0)),"")} -> モブ | E55: {=IFERROR(IF(INDEX('キャラ'!$G:$G,MATCH($B55,'キャラ'!$A:$A,0))=0,"",INDEX('キャラ'!$G:$G,MATCH($B55,'キャラ'!$A:$A,0))),"")} | F55: G1 | G55: {=IFERROR(INDEX('トピック'!$B:$B,MATCH($F55,'トピック'!$A:$A,0)),"")} -> 目的 | H55: {=IFERROR(INDEX('トピック'!$C:$C,MATCH($F55,'トピック'!$A:$A,0)),"")} -> 45 | I55: {=IFERROR(INDEX('トピック'!$D:$D,MATCH($F55,'トピック'!$A:$A,0)),"")} -> 軽い | J55: {=IFERROR(INDEX('トピック'!$E:$E,MATCH($F55,'トピック'!$A:$A,0)),"")} -> なんでこのアプリ入れたん？ | O55: =IF(OR($G55="弱音",$D55="モブ"),IF(COUNTBLANK(K55:M55)>0,"未完","OK"),IF(COUNTBLANK(K55:N55)>0,"未完","OK")) -> 未完

Sheet デート
A1: キャラID | B1: 名前 | C1: 文型（全キャラ共通・編集不要） | D1: 成功テキスト（真3枚） | E1: 失敗テキスト（偽が混ざる） | F1: 完全成功テキスト（核心カード所持）
A2: C01 | B2: {=IFERROR(IF(INDEX('キャラ'!$B:$B,MATCH($A2,'キャラ'!$A:$A,0))=0,"",INDEX('キャラ'!$B:$B,MATCH($A2,'キャラ'!$A:$A,0))),"")} -> アリエル | C2: ｛場所｝に行って、｛行動｝。｛目的｝。 | D2: 「…なんで分かったん。まあ、ええけど。行こか。」 | E2: 「……うん、ええよ」→ 当日。人混みのなかで、メルは一度も顔を上げなかった。 | F2: 待ち合わせ場所で、メルが初めて笑う。「…見つけてくれて、ありがとう。」
A3: C02 | B3: {=IFERROR(IF(INDEX('キャラ'!$B:$B,MATCH($A3,'キャラ'!$A:$A,0))=0,"",INDEX('キャラ'!$B:$B,MATCH($A3,'キャラ'!$A:$A,0))),"")} -> アリーシア | C3: ｛場所｝に行って、｛行動｝。｛目的｝。
A4: C03 | B4: {=IFERROR(IF(INDEX('キャラ'!$B:$B,MATCH($A4,'キャラ'!$A:$A,0))=0,"",INDEX('キャラ'!$B:$B,MATCH($A4,'キャラ'!$A:$A,0))),"")} -> ミカ | C4: ｛場所｝に行って、｛行動｝。｛目的｝。
A5: C04 | B5: {=IFERROR(IF(INDEX('キャラ'!$B:$B,MATCH($A5,'キャラ'!$A:$A,0))=0,"",INDEX('キャラ'!$B:$B,MATCH($A5,'キャラ'!$A:$A,0))),"")} -> さきこ | C5: ｛場所｝に行って、｛行動｝。｛目的｝。
A6: C05 | B6: {=IFERROR(IF(INDEX('キャラ'!$B:$B,MATCH($A6,'キャラ'!$A:$A,0))=0,"",INDEX('キャラ'!$B:$B,MATCH($A6,'キャラ'!$A:$A,0))),"")} -> シャノン | C6: ｛場所｝に行って、｛行動｝。｛目的｝。
A7: C06 | B7: {=IFERROR(IF(INDEX('キャラ'!$B:$B,MATCH($A7,'キャラ'!$A:$A,0))=0,"",INDEX('キャラ'!$B:$B,MATCH($A7,'キャラ'!$A:$A,0))),"")} -> アダム | C7: ｛場所｝に行って、｛行動｝。｛目的｝。
A8: C07 | B8: {=IFERROR(IF(INDEX('キャラ'!$B:$B,MATCH($A8,'キャラ'!$A:$A,0))=0,"",INDEX('キャラ'!$B:$B,MATCH($A8,'キャラ'!$A:$A,0))),"")} | C8: ｛場所｝に行って、｛行動｝。｛目的｝。
A9: C08 | B9: {=IFERROR(IF(INDEX('キャラ'!$B:$B,MATCH($A9,'キャラ'!$A:$A,0))=0,"",INDEX('キャラ'!$B:$B,MATCH($A9,'キャラ'!$A:$A,0))),"")} | C9: ｛場所｝に行って、｛行動｝。｛目的｝。
A10: C09 | B10: {=IFERROR(IF(INDEX('キャラ'!$B:$B,MATCH($A10,'キャラ'!$A:$A,0))=0,"",INDEX('キャラ'!$B:$B,MATCH($A10,'キャラ'!$A:$A,0))),"")} | C10: ｛場所｝に行って、｛行動｝。｛目的｝。
A11: C10 | B11: {=IFERROR(IF(INDEX('キャラ'!$B:$B,MATCH($A11,'キャラ'!$A:$A,0))=0,"",INDEX('キャラ'!$B:$B,MATCH($A11,'キャラ'!$A:$A,0))),"")} | C11: ｛場所｝に行って、｛行動｝。｛目的｝。

Sheet 汎用テキスト
A1: 用途 | B1: テキスト | C1: 備考
A2: 世間話への反応（繋ぎ） | B2: …ああ、うん。 | C2: トピックごとに書かなくてよい。ランダムに使い回す
A3: 世間話への反応（繋ぎ） | B3: そっか。……そういえばさ。
A4: 世間話への反応（繋ぎ） | B4: うん。まあ、ええけど。
A5: 弱音ジャンル解放時 | B5: （相手が、少し黙ってから話し始める） | C5: 本音度70以上で世間話を選んだとき
A6: トピック切れ・会話終了 | B6: 「……あ、もうこんな時間や。」 | C6: トピックが尽きたときの締め
A7: デート不成立 | B7: 「ごめん。まだ、そこまでは分からへん」 | C7: スロットが埋まらなかったとき

Sheet 進捗
A1: キャラID | B1: 名前 | C1: 層 | D1: 軸を決めたか | E1: 必要トピック数 | F1: 完了(OK)数 | G1: 達成率
A2: C01 | B2: {=IFERROR(IF(INDEX('キャラ'!$B:$B,MATCH($A2,'キャラ'!$A:$A,0))=0,"",INDEX('キャラ'!$B:$B,MATCH($A2,'キャラ'!$A:$A,0))),"")} -> アリエル | C2: {=IFERROR(INDEX('キャラ'!$D:$D,MATCH($A2,'キャラ'!$A:$A,0)),"")} -> 本命 | D2: =IF($C2="モブ","不要",IF(COUNTBLANK('キャラ'!$G2:$I2)>0,"未","済")) -> 未 | E2: =COUNTIF('会話'!$B$2:$B$55,$A2) -> 11 | F2: =COUNTIFS('会話'!$B$2:$B$55,$A2,'会話'!$O$2:$O$55,"OK") -> 0 | G2: =IF($E2=0,0,$F2/$E2) -> 0
A3: C02 | B3: {=IFERROR(IF(INDEX('キャラ'!$B:$B,MATCH($A3,'キャラ'!$A:$A,0))=0,"",INDEX('キャラ'!$B:$B,MATCH($A3,'キャラ'!$A:$A,0))),"")} -> アリーシア | C3: {=IFERROR(INDEX('キャラ'!$D:$D,MATCH($A3,'キャラ'!$A:$A,0)),"")} -> 本命 | D3: =IF($C3="モブ","不要",IF(COUNTBLANK('キャラ'!$G3:$I3)>0,"未","済")) -> 未 | E3: =COUNTIF('会話'!$B$2:$B$55,$A3) -> 11 | F3: =COUNTIFS('会話'!$B$2:$B$55,$A3,'会話'!$O$2:$O$55,"OK") -> 9 | G3: =IF($E3=0,0,$F3/$E3) -> 0.81818182
A4: C03 | B4: {=IFERROR(IF(INDEX('キャラ'!$B:$B,MATCH($A4,'キャラ'!$A:$A,0))=0,"",INDEX('キャラ'!$B:$B,MATCH($A4,'キャラ'!$A:$A,0))),"")} -> ミカ | C4: {=IFERROR(INDEX('キャラ'!$D:$D,MATCH($A4,'キャラ'!$A:$A,0)),"")} -> 本命 | D4: =IF($C4="モブ","不要",IF(COUNTBLANK('キャラ'!$G4:$I4)>0,"未","済")) -> 未 | E4: =COUNTIF('会話'!$B$2:$B$55,$A4) -> 11 | F4: =COUNTIFS('会話'!$B$2:$B$55,$A4,'会話'!$O$2:$O$55,"OK") -> 0 | G4: =IF($E4=0,0,$F4/$E4) -> 0
A5: C04 | B5: {=IFERROR(IF(INDEX('キャラ'!$B:$B,MATCH($A5,'キャラ'!$A:$A,0))=0,"",INDEX('キャラ'!$B:$B,MATCH($A5,'キャラ'!$A:$A,0))),"")} -> さきこ | C5: {=IFERROR(INDEX('キャラ'!$D:$D,MATCH($A5,'キャラ'!$A:$A,0)),"")} -> モブ | D5: =IF($C5="モブ","不要",IF(COUNTBLANK('キャラ'!$G5:$I5)>0,"未","済")) -> 不要 | E5: =COUNTIF('会話'!$B$2:$B$55,$A5) -> 3 | F5: =COUNTIFS('会話'!$B$2:$B$55,$A5,'会話'!$O$2:$O$55,"OK") -> 0 | G5: =IF($E5=0,0,$F5/$E5) -> 0
A6: C05 | B6: {=IFERROR(IF(INDEX('キャラ'!$B:$B,MATCH($A6,'キャラ'!$A:$A,0))=0,"",INDEX('キャラ'!$B:$B,MATCH($A6,'キャラ'!$A:$A,0))),"")} -> シャノン | C6: {=IFERROR(INDEX('キャラ'!$D:$D,MATCH($A6,'キャラ'!$A:$A,0)),"")} -> モブ | D6: =IF($C6="モブ","不要",IF(COUNTBLANK('キャラ'!$G6:$I6)>0,"未","済")) -> 不要 | E6: =COUNTIF('会話'!$B$2:$B$55,$A6) -> 3 | F6: =COUNTIFS('会話'!$B$2:$B$55,$A6,'会話'!$O$2:$O$55,"OK") -> 0 | G6: =IF($E6=0,0,$F6/$E6) -> 0
A7: C06 | B7: {=IFERROR(IF(INDEX('キャラ'!$B:$B,MATCH($A7,'キャラ'!$A:$A,0))=0,"",INDEX('キャラ'!$B:$B,MATCH($A7,'キャラ'!$A:$A,0))),"")} -> アダム | C7: {=IFERROR(INDEX('キャラ'!$D:$D,MATCH($A7,'キャラ'!$A:$A,0)),"")} -> モブ | D7: =IF($C7="モブ","不要",IF(COUNTBLANK('キャラ'!$G7:$I7)>0,"未","済")) -> 不要 | E7: =COUNTIF('会話'!$B$2:$B$55,$A7) -> 3 | F7: =COUNTIFS('会話'!$B$2:$B$55,$A7,'会話'!$O$2:$O$55,"OK") -> 0 | G7: =IF($E7=0,0,$F7/$E7) -> 0
A8: C07 | B8: {=IFERROR(IF(INDEX('キャラ'!$B:$B,MATCH($A8,'キャラ'!$A:$A,0))=0,"",INDEX('キャラ'!$B:$B,MATCH($A8,'キャラ'!$A:$A,0))),"")} | C8: {=IFERROR(INDEX('キャラ'!$D:$D,MATCH($A8,'キャラ'!$A:$A,0)),"")} -> モブ | D8: =IF($C8="モブ","不要",IF(COUNTBLANK('キャラ'!$G8:$I8)>0,"未","済")) -> 不要 | E8: =COUNTIF('会話'!$B$2:$B$55,$A8) -> 3 | F8: =COUNTIFS('会話'!$B$2:$B$55,$A8,'会話'!$O$2:$O$55,"OK") -> 0 | G8: =IF($E8=0,0,$F8/$E8) -> 0
A9: C08 | B9: {=IFERROR(IF(INDEX('キャラ'!$B:$B,MATCH($A9,'キャラ'!$A:$A,0))=0,"",INDEX('キャラ'!$B:$B,MATCH($A9,'キャラ'!$A:$A,0))),"")} | C9: {=IFERROR(INDEX('キャラ'!$D:$D,MATCH($A9,'キャラ'!$A:$A,0)),"")} -> モブ | D9: =IF($C9="モブ","不要",IF(COUNTBLANK('キャラ'!$G9:$I9)>0,"未","済")) -> 不要 | E9: =COUNTIF('会話'!$B$2:$B$55,$A9) -> 3 | F9: =COUNTIFS('会話'!$B$2:$B$55,$A9,'会話'!$O$2:$O$55,"OK") -> 0 | G9: =IF($E9=0,0,$F9/$E9) -> 0
A10: C09 | B10: {=IFERROR(IF(INDEX('キャラ'!$B:$B,MATCH($A10,'キャラ'!$A:$A,0))=0,"",INDEX('キャラ'!$B:$B,MATCH($A10,'キャラ'!$A:$A,0))),"")} | C10: {=IFERROR(INDEX('キャラ'!$D:$D,MATCH($A10,'キャラ'!$A:$A,0)),"")} -> モブ | D10: =IF($C10="モブ","不要",IF(COUNTBLANK('キャラ'!$G10:$I10)>0,"未","済")) -> 不要 | E10: =COUNTIF('会話'!$B$2:$B$55,$A10) -> 3 | F10: =COUNTIFS('会話'!$B$2:$B$55,$A10,'会話'!$O$2:$O$55,"OK") -> 0 | G10: =IF($E10=0,0,$F10/$E10) -> 0
A11: C10 | B11: {=IFERROR(IF(INDEX('キャラ'!$B:$B,MATCH($A11,'キャラ'!$A:$A,0))=0,"",INDEX('キャラ'!$B:$B,MATCH($A11,'キャラ'!$A:$A,0))),"")} | C11: {=IFERROR(INDEX('キャラ'!$D:$D,MATCH($A11,'キャラ'!$A:$A,0)),"")} -> モブ | D11: =IF($C11="モブ","不要",IF(COUNTBLANK('キャラ'!$G11:$I11)>0,"未","済")) -> 不要 | E11: =COUNTIF('会話'!$B$2:$B$55,$A11) -> 3 | F11: =COUNTIFS('会話'!$B$2:$B$55,$A11,'会話'!$O$2:$O$55,"OK") -> 0 | G11: =IF($E11=0,0,$F11/$E11) -> 0
B12: 合計 | E12: =SUM(E2:E11) -> 54 | F12: =SUM(F2:F11) -> 9 | G12: =IF(E12=0,0,F12/E12) -> 0.16666667
